Elizabeth Warren,Bernie Sanders,Joe Biden
0.4234324,14.81019,71.80868
0.45238,15.80948,12.22444
0.234545,14.66554,13.54068
0.354233,8.921845,12.31683
0.423453,18.2115,14.26629
0.423134,16.51083,14.57488
0.43235,15.77756,13.37171
0.395045,17.9494,12.28665
